date,value,is_estimate
2000-12-31,1.77,false
2001-03-31,1.54,false
2001-06-30,1.64,false
2001-09-30,1.41,false
2001-12-31,1.56,false
2002-03-31,1.6,false
2002-06-30,1.39,false
2002-09-30,1.17,false
2002-12-31,1.3,false
2003-03-31,1.25,false
2003-06-30,1.42,false
2003-09-30,1.43,false
2003-12-31,1.56,false
2004-03-31,1.55,false
2004-06-30,1.54,false
2004-09-30,1.47,false
2004-12-31,1.54,false
2005-03-31,1.46,false
2005-06-30,1.44,false
2005-09-30,1.44,false
2005-12-31,1.43,false
2006-03-31,1.44,false
2006-06-30,1.38,false
2006-09-30,1.43,false
2006-12-31,1.49,false
2007-03-31,1.47,false
2007-06-30,1.52,false
2007-09-30,1.52,false
2007-12-31,1.43,false
2008-03-31,1.26,false
2008-06-30,1.19,false
2008-09-30,1.08,false
2008-12-31,0.87,false
2009-03-31,0.8,false
2009-06-30,0.97,false
2009-09-30,1.17,false
2009-12-31,1.23,false
2010-03-31,1.27,false
2010-06-30,1.11,false
2010-09-30,1.21,false
2010-12-31,1.31,false
2011-03-31,1.35,false
2011-06-30,1.31,false
2011-09-30,1.1,false
2011-12-31,1.19,false
2012-03-31,1.32,false
2012-06-30,1.27,false
2012-09-30,1.34,false
2012-12-31,1.31,false
2013-03-31,1.43,false
2013-06-30,1.45,false
2013-09-30,1.51,false
2013-12-31,1.66,false
2014-03-31,1.66,false
2014-06-30,1.72,false
2014-09-30,1.71,false
2014-12-31,1.77,false
2015-03-31,1.79,false
2015-06-30,1.8,false
2015-09-30,1.69,false
2015-12-31,1.81,false
2016-03-31,1.83,false
2016-06-30,1.86,false
2016-09-30,1.9,false
2016-12-31,1.95,false
2017-03-31,2.02,false
2017-06-30,2.04,false
2017-09-30,2.09,false
2017-12-31,2.17,false
2018-03-31,2.1,false
2018-06-30,2.1,false
2018-09-30,2.2,false
2018-12-31,1.87,false
2019-03-31,2.08,false
2019-06-30,2.13,false
2019-09-30,2.14,false
2019-12-31,2.28,false
2020-03-31,1.83,false
2020-06-30,2.26,false
2020-09-30,2.47,false
2020-12-31,2.76,false
2021-03-31,2.85,false
2021-06-30,2.94,false
2021-09-30,2.85,false
2021-12-31,3.04,false
2022-03-31,2.8,false
2022-06-30,2.28,false
2022-09-30,2.09,false
2022-12-31,2.19,false
2023-03-31,2.29,false
2023-06-30,2.44,false
2023-09-30,2.33,false
2023-12-31,2.55,false
2024-03-31,2.78,false
2024-06-30,2.84,false
2024-09-30,2.95,false
2024-12-31,2.98,false
2025-03-31,2.82,false
2025-06-30,3.08,false
2025-09-30,3.28,false
2025-12-31,3.35,true
2026-10-05,3.84,true
