observation_date,STLFSI4
1993-12-31,-0.2994
1994-01-07,-0.3763
1994-01-14,-0.1183
1994-01-21,-0.3536
1994-01-28,-0.2233
1994-02-04,-0.5221
1994-02-11,-0.3168
1994-02-18,-0.3070
1994-02-25,-0.2766
1994-03-04,-0.2118
1994-03-11,-0.2330
1994-03-18,-0.1551
1994-03-25,-0.2385
1994-04-01,-0.1163
1994-04-08,-0.0966
1994-04-15,-0.0339
1994-04-22,-0.1821
1994-04-29,-0.0967
1994-05-06,-0.3849
1994-05-13,-0.1565
1994-05-20,-0.0636
1994-05-27,-0.1992
1994-06-03,-0.0587
1994-06-10,0.0271
1994-06-17,-0.1998
1994-06-24,-0.1022
1994-07-01,-0.1623
1994-07-08,-0.0107
1994-07-15,-0.1061
1994-07-22,-0.0829
1994-07-29,-0.2207
1994-08-05,-0.1363
1994-08-12,-0.3133
1994-08-19,-0.3477
1994-08-26,-0.3212
1994-09-02,-0.2075
1994-09-09,-0.2976
1994-09-16,-0.2942
1994-09-23,-0.3363
1994-09-30,-0.2182
1994-10-07,-0.2350
1994-10-14,-0.0130
1994-10-21,-0.1723
1994-10-28,-0.2169
1994-11-04,-0.1787
1994-11-11,-0.2515
1994-11-18,-0.4107
1994-11-25,-0.2021
1994-12-02,-0.2016
1994-12-09,-0.1954
1994-12-16,-0.2221
1994-12-23,-0.1695
1994-12-30,-0.0377
1995-01-06,-0.2786
1995-01-13,-0.0390
1995-01-20,-0.3568
1995-01-27,-0.3478
1995-02-03,-0.3629
1995-02-10,-0.4450
1995-02-17,-0.2176
1995-02-24,-0.2493
1995-03-03,-0.1988
1995-03-10,-0.1256
1995-03-17,-0.2283
1995-03-24,-0.3576
1995-03-31,-0.4551
1995-04-07,-0.3202
1995-04-14,-0.2822
1995-04-21,-0.2387
1995-04-28,-0.4297
1995-05-05,-0.2901
1995-05-12,-0.1718
1995-05-19,-0.3627
1995-05-26,-0.3254
1995-06-02,-0.0865
1995-06-09,-0.2076
1995-06-16,-0.1660
1995-06-23,-0.1616
1995-06-30,-0.2712
1995-07-07,-0.2592
1995-07-14,-0.1338
1995-07-21,-0.4357
1995-07-28,-0.2859
1995-08-04,-0.2439
1995-08-11,-0.2642
1995-08-18,-0.3742
1995-08-25,-0.2226
1995-09-01,-0.1539
1995-09-08,-0.2444
1995-09-15,-0.3384
1995-09-22,-0.2877
1995-09-29,-0.4072
1995-10-06,-0.0699
1995-10-13,-0.2259
1995-10-20,-0.1980
1995-10-27,-0.1431
1995-11-03,-0.2023
1995-11-10,-0.3249
1995-11-17,-0.3291
1995-11-24,-0.4613
1995-12-01,-0.3102
1995-12-08,-0.3861
1995-12-15,-0.4098
1995-12-22,-0.2990
1995-12-29,-0.0634
1996-01-05,-0.4525
1996-01-12,-0.2001
1996-01-19,-0.2176
1996-01-26,-0.3917
1996-02-02,-0.3660
1996-02-09,-0.2705
1996-02-16,-0.2593
1996-02-23,-0.4467
1996-03-01,-0.4111
1996-03-08,-0.0469
1996-03-15,-0.2491
1996-03-22,-0.1532
1996-03-29,-0.1120
1996-04-05,-0.1430
1996-04-12,-0.0955
1996-04-19,0.0035
1996-04-26,-0.2068
1996-05-03,-0.2029
1996-05-10,-0.1231
1996-05-17,-0.1874
1996-05-24,-0.2473
1996-05-31,-0.2945
1996-06-07,-0.2357
1996-06-14,-0.1963
1996-06-21,-0.2072
1996-06-28,-0.0490
1996-07-05,-0.4128
1996-07-12,0.0168
1996-07-19,-0.0017
1996-07-26,-0.0940
1996-08-02,-0.2017
1996-08-09,0.1049
1996-08-16,-0.2652
1996-08-23,-0.2933
1996-08-30,-0.3432
1996-09-06,-0.1861
1996-09-13,-0.1542
1996-09-20,-0.1854
1996-09-27,-0.0842
1996-10-04,-0.0947
1996-10-11,-0.0794
1996-10-18,-0.1492
1996-10-25,-0.1986
1996-11-01,-0.0805
1996-11-08,-0.2459
1996-11-15,-0.2336
1996-11-22,-0.3151
1996-11-29,-0.2904
1996-12-06,-0.1443
1996-12-13,-0.0525
1996-12-20,-0.1766
1996-12-27,-0.1024
1997-01-03,-0.3563
1997-01-10,-0.1072
1997-01-17,-0.3152
1997-01-24,-0.3533
1997-01-31,-0.2542
1997-02-07,-0.2335
1997-02-14,-0.3137
1997-02-21,-0.3762
1997-02-28,-0.3959
1997-03-07,-0.2287
1997-03-14,-0.3092
1997-03-21,-0.2959
1997-03-28,-0.3930
1997-04-04,-0.1138
1997-04-11,-0.1140
1997-04-18,-0.2580
1997-04-25,-0.2481
1997-05-02,-0.2916
1997-05-09,-0.2253
1997-05-16,-0.2099
1997-05-23,-0.2811
1997-05-30,-0.2411
1997-06-06,-0.1296
1997-06-13,-0.2971
1997-06-20,-0.2317
1997-06-27,-0.1096
1997-07-04,-0.3941
1997-07-11,-0.1409
1997-07-18,-0.3036
1997-07-25,-0.3215
1997-08-01,-0.4298
1997-08-08,-0.3363
1997-08-15,-0.2599
1997-08-22,-0.2381
1997-08-29,-0.2515
1997-09-05,-0.1992
1997-09-12,-0.1687
1997-09-19,-0.1800
1997-09-26,-0.1456
1997-10-03,-0.1866
1997-10-10,-0.2228
1997-10-17,-0.2313
1997-10-24,-0.1644
1997-10-31,0.6254
1997-11-07,-0.0734
1997-11-14,0.3230
1997-11-21,-0.1726
1997-11-28,-0.1316
1997-12-05,-0.3245
1997-12-12,-0.0508
1997-12-19,-0.1017
1997-12-26,0.1035
1998-01-02,-0.4802
1998-01-09,0.2460
1998-01-16,-0.0729
1998-01-23,-0.2452
1998-01-30,-0.2372
1998-02-06,-0.2973
1998-02-13,-0.3442
1998-02-20,-0.3408
1998-02-27,-0.4732
1998-03-06,-0.3243
1998-03-13,-0.2574
1998-03-20,-0.4176
1998-03-27,-0.3423
1998-04-03,-0.1995
1998-04-10,-0.2158
1998-04-17,-0.3071
1998-04-24,-0.2180
1998-05-01,-0.1126
1998-05-08,-0.1325
1998-05-15,-0.3686
1998-05-22,-0.2635
1998-05-29,-0.1725
1998-06-05,-0.2153
1998-06-12,-0.2068
1998-06-19,-0.1243
1998-06-26,-0.1950
1998-07-03,-0.4301
1998-07-10,-0.1622
1998-07-17,-0.4542
1998-07-24,-0.1830
1998-07-31,-0.1208
1998-08-07,0.1320
1998-08-14,0.2783
1998-08-21,0.2067
1998-08-28,0.8545
1998-09-04,1.1630
1998-09-11,0.8251
1998-09-18,0.5619
1998-09-25,0.6324
1998-10-02,0.9893
1998-10-09,1.8671
1998-10-16,1.1021
1998-10-23,0.8732
1998-10-30,0.7384
1998-11-06,0.4352
1998-11-13,0.6078
1998-11-20,0.3243
1998-11-27,-0.0418
1998-12-04,0.5233
1998-12-11,0.4485
1998-12-18,0.5069
1998-12-25,0.1698
1999-01-01,0.3597
1999-01-08,0.1049
1999-01-15,0.5148
1999-01-22,0.4789
1999-01-29,0.2480
1999-02-05,0.1601
1999-02-12,0.2307
1999-02-19,0.0788
1999-02-26,0.0444
1999-03-05,0.0750
1999-03-12,0.0790
1999-03-19,0.0643
1999-03-26,0.1346
1999-04-02,0.0578
1999-04-09,0.1141
1999-04-16,-0.0118
1999-04-23,0.0552
1999-04-30,-0.0938
1999-05-07,-0.0014
1999-05-14,0.0437
1999-05-21,0.1876
1999-05-28,0.2866
1999-06-04,0.1016
1999-06-11,0.1057
1999-06-18,0.1354
1999-06-25,0.0375
1999-07-02,0.0609
1999-07-09,0.0948
1999-07-16,0.1942
1999-07-23,0.2131
1999-07-30,0.2341
1999-08-06,0.3873
1999-08-13,0.2669
1999-08-20,0.1923
1999-08-27,0.0973
1999-09-03,0.2133
1999-09-10,0.2971
1999-09-17,0.3154
1999-09-24,0.3672
1999-10-01,0.2865
1999-10-08,0.4141
1999-10-15,0.5228
1999-10-22,0.4009
1999-10-29,0.1655
1999-11-05,0.3071
1999-11-12,0.1710
1999-11-19,-0.0475
1999-11-26,0.0337
1999-12-03,0.1461
1999-12-10,0.1970
1999-12-17,0.0797
1999-12-24,0.0373
1999-12-31,0.2560
2000-01-07,-0.0253
2000-01-14,-0.0573
2000-01-21,-0.0047
2000-01-28,0.0542
2000-02-04,-0.0730
2000-02-11,0.0833
2000-02-18,0.1450
2000-02-25,0.2457
2000-03-03,-0.0242
2000-03-10,0.0420
2000-03-17,-0.0065
2000-03-24,-0.1496
2000-03-31,0.2089
2000-04-07,0.4283
2000-04-14,0.4495
2000-04-21,0.4116
2000-04-28,0.2821
2000-05-05,0.4480
2000-05-12,0.4721
2000-05-19,0.2291
2000-05-26,0.5612
2000-06-02,0.4432
2000-06-09,0.3968
2000-06-16,0.3739
2000-06-23,0.4147
2000-06-30,0.3482
2000-07-07,0.2709
2000-07-14,0.1353
2000-07-21,0.0566
2000-07-28,0.1132
2000-08-04,0.1211
2000-08-11,-0.0268
2000-08-18,-0.0107
2000-08-25,0.0100
2000-09-01,-0.0741
2000-09-08,0.0560
2000-09-15,0.0780
2000-09-22,0.2440
2000-09-29,0.1176
2000-10-06,0.1734
2000-10-13,0.6545
2000-10-20,0.4679
2000-10-27,0.3012
2000-11-03,0.1121
2000-11-10,0.2950
2000-11-17,0.3893
2000-11-24,0.5317
2000-12-01,0.5733
2000-12-08,0.6149
2000-12-15,0.4421
2000-12-22,0.8884
2000-12-29,0.6853
2001-01-05,0.9014
2001-01-12,0.4821
2001-01-19,0.2786
2001-01-26,0.2511
2001-02-02,0.3915
2001-02-09,0.3639
2001-02-16,0.2765
2001-02-23,0.6411
2001-03-02,0.5322
2001-03-09,0.3975
2001-03-16,0.7714
2001-03-23,1.0395
2001-03-30,0.5196
2001-04-06,1.0162
2001-04-13,0.7160
2001-04-20,0.6146
2001-04-27,0.7477
2001-05-04,0.2953
2001-05-11,0.4009
2001-05-18,0.4173
2001-05-25,0.3510
2001-06-01,0.3965
2001-06-08,0.3676
2001-06-15,0.4465
2001-06-22,0.4875
2001-06-29,0.2982
2001-07-06,0.2672
2001-07-13,0.5384
2001-07-20,0.4299
2001-07-27,0.3121
2001-08-03,0.2382
2001-08-10,0.2526
2001-08-17,0.3629
2001-08-24,0.4615
2001-08-31,0.3843
2001-09-07,0.4927
2001-09-14,1.4554
2001-09-21,1.9771
2001-09-28,0.7207
2001-10-05,1.1090
2001-10-12,0.8473
2001-10-19,0.7485
2001-10-26,0.7273
2001-11-02,1.0269
2001-11-09,0.8251
2001-11-16,0.3741
2001-11-23,0.4997
2001-11-30,0.6694
2001-12-07,0.7635
2001-12-14,0.7596
2001-12-21,0.7373
2001-12-28,0.5763
2002-01-04,0.5357
2002-01-11,0.5205
2002-01-18,0.5749
2002-01-25,0.3446
2002-02-01,0.4927
2002-02-08,0.6521
2002-02-15,0.3557
2002-02-22,0.5323
2002-03-01,0.3692
2002-03-08,0.1808
2002-03-15,0.1502
2002-03-22,0.2719
2002-03-29,0.3279
2002-04-05,0.4240
2002-04-12,0.3870
2002-04-19,0.2816
2002-04-26,0.3639
2002-05-03,0.2506
2002-05-10,0.3426
2002-05-17,0.1459
2002-05-24,0.3491
2002-05-31,0.3281
2002-06-07,0.5093
2002-06-14,0.6061
2002-06-21,0.6317
2002-06-28,0.9652
2002-07-05,0.7588
2002-07-12,0.8936
2002-07-19,1.0167
2002-07-26,1.4854
2002-08-02,0.9039
2002-08-09,1.2800
2002-08-16,1.0323
2002-08-23,0.8309
2002-08-30,0.8210
2002-09-06,1.3037
2002-09-13,0.9798
2002-09-20,1.2744
2002-09-27,1.4102
2002-10-04,1.2261
2002-10-11,1.5209
2002-10-18,0.7446
2002-10-25,0.9703
2002-11-01,1.1852
2002-11-08,1.0394
2002-11-15,0.9787
2002-11-22,0.5030
2002-11-29,0.6589
2002-12-06,0.8393
2002-12-13,0.8548
2002-12-20,0.6463
2002-12-27,0.8806
2003-01-03,0.8951
2003-01-10,0.4468
2003-01-17,0.6313
2003-01-24,0.9118
2003-01-31,0.8931
2003-02-07,0.9212
2003-02-14,0.8755
2003-02-21,0.6518
2003-02-28,0.6442
2003-03-07,0.7062
2003-03-14,0.7666
2003-03-21,0.4377
2003-03-28,0.6268
2003-04-04,0.5292
2003-04-11,0.4158
2003-04-18,0.2393
2003-04-25,0.2284
2003-05-02,0.1861
2003-05-09,0.2250
2003-05-16,0.3268
2003-05-23,0.5610
2003-05-30,0.3802
2003-06-06,0.3076
2003-06-13,0.3573
2003-06-20,0.2100
2003-06-27,0.4211
2003-07-04,0.3497
2003-07-11,0.2254
2003-07-18,0.0879
2003-07-25,0.1120
2003-08-01,0.2651
2003-08-08,0.5237
2003-08-15,0.1354
2003-08-22,0.1459
2003-08-29,0.0502
2003-09-05,0.0826
2003-09-12,0.1758
2003-09-19,-0.1066
2003-09-26,0.0037
2003-10-03,0.0984
2003-10-10,-0.1901
2003-10-17,-0.3633
2003-10-24,-0.1165
2003-10-31,-0.2542
2003-11-07,-0.3224
2003-11-14,-0.2212
2003-11-21,-0.0928
2003-11-28,-0.3719
2003-12-05,-0.2878
2003-12-12,-0.2586
2003-12-19,-0.2640
2003-12-26,-0.2493
2004-01-02,-0.2937
2004-01-09,-0.3813
2004-01-16,-0.3678
2004-01-23,-0.4712
2004-01-30,-0.4009
2004-02-06,-0.3864
2004-02-13,-0.4624
2004-02-20,-0.4948
2004-02-27,-0.5185
2004-03-05,-0.6736
2004-03-12,-0.3247
2004-03-19,-0.3646
2004-03-26,-0.3240
2004-04-02,-0.6704
2004-04-09,-0.5992
2004-04-16,-0.4800
2004-04-23,-0.4591
2004-04-30,-0.4159
2004-05-07,-0.4179
2004-05-14,-0.3200
2004-05-21,-0.4708
2004-05-28,-0.5950
2004-06-04,-0.5678
2004-06-11,-0.7531
2004-06-18,-0.5294
2004-06-25,-0.5521
2004-07-02,-0.5212
2004-07-09,-0.4138
2004-07-16,-0.5686
2004-07-23,-0.5577
2004-07-30,-0.5466
2004-08-06,-0.3368
2004-08-13,-0.5002
2004-08-20,-0.5188
2004-08-27,-0.6433
2004-09-03,-0.5618
2004-09-10,-0.6699
2004-09-17,-0.6245
2004-09-24,-0.6496
2004-10-01,-0.6293
2004-10-08,-0.6139
2004-10-15,-0.4582
2004-10-22,-0.5082
2004-10-29,-0.6786
2004-11-05,-0.8130
2004-11-12,-0.8471
2004-11-19,-0.7764
2004-11-26,-0.8386
2004-12-03,-0.7215
2004-12-10,-0.7180
2004-12-17,-0.9125
2004-12-24,-0.8455
2004-12-31,-0.8438
2005-01-07,-0.7402
2005-01-14,-0.7114
2005-01-21,-0.7233
2005-01-28,-0.7939
2005-02-04,-0.8911
2005-02-11,-0.8534
2005-02-18,-0.9545
2005-02-25,-0.9656
2005-03-04,-0.9388
2005-03-11,-0.9545
2005-03-18,-0.7930
2005-03-25,-0.7406
2005-04-01,-0.7170
2005-04-08,-0.7345
2005-04-15,-0.6875
2005-04-22,-0.6180
2005-04-29,-0.7606
2005-05-06,-0.7709
2005-05-13,-0.6149
2005-05-20,-0.5228
2005-05-27,-0.8048
2005-06-03,-0.7096
2005-06-10,-0.7011
2005-06-17,-0.7944
2005-06-24,-0.6852
2005-07-01,-0.7995
2005-07-08,-0.7372
2005-07-15,-0.9023
2005-07-22,-0.8491
2005-07-29,-0.9376
2005-08-05,-0.9212
2005-08-12,-0.8903
2005-08-19,-0.8173
2005-08-26,-0.8236
2005-09-02,-0.6523
2005-09-09,-0.8395
2005-09-16,-0.8473
2005-09-23,-0.7918
2005-09-30,-0.8516
2005-10-07,-0.7152
2005-10-14,-0.5817
2005-10-21,-0.8377
2005-10-28,-0.8736
2005-11-04,-0.9089
2005-11-11,-0.8410
2005-11-18,-0.7330
2005-11-25,-0.7821
2005-12-02,-0.7222
2005-12-09,-0.7149
2005-12-16,-0.7349
2005-12-23,-0.6987
2005-12-30,-0.6585
2006-01-06,-0.8510
2006-01-13,-0.9974
2006-01-20,-0.8334
2006-01-27,-1.0004
2006-02-03,-1.0596
2006-02-10,-0.9338
2006-02-17,-1.0320
2006-02-24,-1.1157
2006-03-03,-1.0771
2006-03-10,-0.9673
2006-03-17,-1.0201
2006-03-24,-1.0581
2006-03-31,-1.0486
2006-04-07,-1.0240
2006-04-14,-0.9558
2006-04-21,-1.0412
2006-04-28,-1.0992
2006-05-05,-1.1052
2006-05-12,-1.1143
2006-05-19,-0.8881
2006-05-26,-0.7951
2006-06-02,-0.9272
2006-06-09,-0.8028
2006-06-16,-0.7368
2006-06-23,-0.8087
2006-06-30,-0.8608
2006-07-07,-0.9880
2006-07-14,-0.7901
2006-07-21,-0.7857
2006-07-28,-0.9351
2006-08-04,-0.8963
2006-08-11,-0.9240
2006-08-18,-1.0278
2006-08-25,-0.9823
2006-09-01,-0.9488
2006-09-08,-0.9120
2006-09-15,-0.9443
2006-09-22,-0.8314
2006-09-29,-0.8051
2006-10-06,-0.8479
2006-10-13,-1.0248
2006-10-20,-0.9695
2006-10-27,-1.0064
2006-11-03,-0.8918
2006-11-10,-1.0069
2006-11-17,-0.9998
2006-11-24,-0.9281
2006-12-01,-0.8011
2006-12-08,-0.9169
2006-12-15,-0.9901
2006-12-22,-0.9339
2006-12-29,-0.9679
2007-01-05,-0.8842
2007-01-12,-0.9911
2007-01-19,-1.0954
2007-01-26,-1.1305
2007-02-02,-1.0906
2007-02-09,-1.0923
2007-02-16,-1.1073
2007-02-23,-1.1303
2007-03-02,-0.6951
2007-03-09,-0.7910
2007-03-16,-0.8487
2007-03-23,-1.0161
2007-03-30,-0.9538
2007-04-06,-0.9554
2007-04-13,-1.0261
2007-04-20,-1.0358
2007-04-27,-1.0100
2007-05-04,-0.9164
2007-05-11,-0.9671
2007-05-18,-0.9330
2007-05-25,-0.9757
2007-06-01,-0.9254
2007-06-08,-0.8046
2007-06-15,-0.7278
2007-06-22,-0.6906
2007-06-29,-0.5654
2007-07-06,-0.7823
2007-07-13,-0.6956
2007-07-20,-0.6872
2007-07-27,-0.1538
2007-08-03,-0.0190
2007-08-10,0.1302
2007-08-17,1.2089
2007-08-24,1.2750
2007-08-31,0.9935
2007-09-07,1.4702
2007-09-14,1.5669
2007-09-21,0.7070
2007-09-28,0.6955
2007-10-05,0.6233
2007-10-12,0.3537
2007-10-19,0.7223
2007-10-26,0.7879
2007-11-02,0.4640
2007-11-09,1.1341
2007-11-16,1.1544
2007-11-23,1.9082
2007-11-30,2.0570
2007-12-07,1.9451
2007-12-14,1.9116
2007-12-21,1.7666
2007-12-28,1.3126
2008-01-04,1.6012
2008-01-11,1.2814
2008-01-18,0.9576
2008-01-25,1.6054
2008-02-01,0.9534
2008-02-08,1.4892
2008-02-15,1.2763
2008-02-22,1.1300
2008-02-29,1.4161
2008-03-07,2.4336
2008-03-14,2.0132
2008-03-21,2.3486
2008-03-28,1.6592
2008-04-04,1.7115
2008-04-11,1.8661
2008-04-18,1.8928
2008-04-25,1.6829
2008-05-02,1.3612
2008-05-09,1.2440
2008-05-16,1.0146
2008-05-23,0.9292
2008-05-30,0.9574
2008-06-06,1.3031
2008-06-13,1.2205
2008-06-20,1.2646
2008-06-27,1.7274
2008-07-04,1.8217
2008-07-11,1.7764
2008-07-18,1.7437
2008-07-25,1.1837
2008-08-01,1.6452
2008-08-08,1.5339
2008-08-15,1.5168
2008-08-22,1.7645
2008-08-29,1.5400
2008-09-05,1.8076
2008-09-12,1.9628
2008-09-19,4.1022
2008-09-26,4.5476
2008-10-03,7.2273
2008-10-10,9.5914
2008-10-17,9.5402
2008-10-24,8.0410
2008-10-31,7.7232
2008-11-07,6.1894
2008-11-14,5.9628
2008-11-21,7.6471
2008-11-28,6.8172
2008-12-05,6.9130
2008-12-12,6.5161
2008-12-19,5.9293
2008-12-26,4.7589
2009-01-02,4.8911
2009-01-09,3.7036
2009-01-16,3.7827
2009-01-23,4.2846
2009-01-30,4.0030
2009-02-06,3.5507
2009-02-13,3.5635
2009-02-20,4.1431
2009-02-27,4.1281
2009-03-06,4.7411
2009-03-13,3.9086
2009-03-20,3.3144
2009-03-27,3.1879
2009-04-03,3.0054
2009-04-10,2.7803
2009-04-17,2.5635
2009-04-24,2.8116
2009-05-01,2.3099
2009-05-08,1.5562
2009-05-15,2.0233
2009-05-22,1.5548
2009-05-29,1.3439
2009-06-05,1.1901
2009-06-12,0.9889
2009-06-19,1.5664
2009-06-26,1.6240
2009-07-03,1.1871
2009-07-10,1.4414
2009-07-17,0.9828
2009-07-24,0.7578
2009-07-31,0.5018
2009-08-07,0.1509
2009-08-14,0.7724
2009-08-21,0.9431
2009-08-28,0.5212
2009-09-04,0.6838
2009-09-11,0.3393
2009-09-18,0.0187
2009-09-25,0.1558
2009-10-02,0.4018
2009-10-09,0.2652
2009-10-16,0.1169
2009-10-23,0.1758
2009-10-30,0.3987
2009-11-06,0.3687
2009-11-13,0.0161
2009-11-20,0.1404
2009-11-27,0.1379
2009-12-04,0.0421
2009-12-11,-0.0204
2009-12-18,-0.1678
2009-12-25,-0.2633
2010-01-01,-0.2344
2010-01-08,-0.4134
2010-01-15,-0.3728
2010-01-22,-0.1004
2010-01-29,0.0314
2010-02-05,-0.0756
2010-02-12,0.0879
2010-02-19,-0.2365
2010-02-26,-0.2471
2010-03-05,-0.2869
2010-03-12,-0.5805
2010-03-19,-0.4506
2010-03-26,-0.4186
2010-04-02,-0.3754
2010-04-09,-0.4887
2010-04-16,-0.4680
2010-04-23,-0.4365
2010-04-30,-0.2126
2010-05-07,0.3926
2010-05-14,0.3274
2010-05-21,0.9520
2010-05-28,0.9941
2010-06-04,0.7908
2010-06-11,0.9438
2010-06-18,0.4804
2010-06-25,0.5646
2010-07-02,0.9162
2010-07-09,0.5390
2010-07-16,0.3345
2010-07-23,0.4825
2010-07-30,0.1520
2010-08-06,0.1809
2010-08-13,0.3941
2010-08-20,0.4170
2010-08-27,0.4343
2010-09-03,0.2507
2010-09-10,0.0334
2010-09-17,-0.0163
2010-09-24,0.0653
2010-10-01,0.0878
2010-10-08,-0.0144
2010-10-15,-0.2180
2010-10-22,-0.0915
2010-10-29,-0.2471
2010-11-05,-0.1561
2010-11-12,-0.2633
2010-11-19,-0.0130
2010-11-26,0.0070
2010-12-03,-0.0366
2010-12-10,-0.3066
2010-12-17,-0.2216
2010-12-24,-0.2668
2010-12-31,-0.2604
2011-01-07,-0.3435
2011-01-14,-0.3261
2011-01-21,-0.3413
2011-01-28,-0.2851
2011-02-04,-0.4031
2011-02-11,-0.4776
2011-02-18,-0.3274
2011-02-25,-0.1102
2011-03-04,-0.2534
2011-03-11,-0.2575
2011-03-18,0.0616
2011-03-25,-0.3485
2011-04-01,-0.3652
2011-04-08,-0.4382
2011-04-15,-0.3991
2011-04-22,-0.4216
2011-04-29,-0.5331
2011-05-06,-0.3521
2011-05-13,-0.3716
2011-05-20,-0.3336
2011-05-27,-0.2974
2011-06-03,-0.2244
2011-06-10,-0.1601
2011-06-17,-0.1527
2011-06-24,-0.1376
2011-07-01,-0.4134
2011-07-08,-0.3768
2011-07-15,-0.0341
2011-07-22,-0.3095
2011-07-29,-0.2854
2011-08-05,0.3239
2011-08-12,1.2889
2011-08-19,0.5071
2011-08-26,0.8415
2011-09-02,0.4902
2011-09-09,0.8832
2011-09-16,0.7465
2011-09-23,1.0772
2011-09-30,1.1134
2011-10-07,1.3497
2011-10-14,0.4489
2011-10-21,0.6465
2011-10-28,0.2913
2011-11-04,0.8391
2011-11-11,0.7622
2011-11-18,1.0024
2011-11-25,1.2115
2011-12-02,0.6614
2011-12-09,0.6116
2011-12-16,0.8779
2011-12-23,0.6314
2011-12-30,0.6371
2012-01-06,0.5180
2012-01-13,0.5501
2012-01-20,0.4131
2012-01-27,0.3047
2012-02-03,0.2765
2012-02-10,0.0783
2012-02-17,0.1839
2012-02-24,0.0504
2012-03-02,0.0314
2012-03-09,0.1509
2012-03-16,-0.2176
2012-03-23,-0.0942
2012-03-30,0.0070
2012-04-06,0.0503
2012-04-13,0.2652
2012-04-20,0.0217
2012-04-27,-0.0210
2012-05-04,-0.0770
2012-05-11,0.0895
2012-05-18,0.4304
2012-05-25,0.3419
2012-06-01,0.4354
2012-06-08,0.4097
2012-06-15,0.1966
2012-06-22,0.0358
2012-06-29,0.1030
2012-07-06,0.0165
2012-07-13,0.1152
2012-07-20,-0.0415
2012-07-27,0.0924
2012-08-03,-0.1471
2012-08-10,-0.1877
2012-08-17,-0.1214
2012-08-24,-0.1730
2012-08-31,-0.0844
2012-09-07,-0.2117
2012-09-14,-0.4870
2012-09-21,-0.5366
2012-09-28,-0.2297
2012-10-05,-0.4441
2012-10-12,-0.4780
2012-10-19,-0.6139
2012-10-26,-0.3615
2012-11-02,-0.3482
2012-11-09,-0.3229
2012-11-16,-0.2109
2012-11-23,-0.5465
2012-11-30,-0.4909
2012-12-07,-0.5337
2012-12-14,-0.5923
2012-12-21,-0.5775
2012-12-28,-0.3813
2013-01-04,-0.6422
2013-01-11,-0.6288
2013-01-18,-0.6444
2013-01-25,-0.6766
2013-02-01,-0.5821
2013-02-08,-0.5430
2013-02-15,-0.6779
2013-02-22,-0.6348
2013-03-01,-0.5226
2013-03-08,-0.7611
2013-03-15,-0.7965
2013-03-22,-0.5862
2013-03-29,-0.6403
2013-04-05,-0.5631
2013-04-12,-0.7327
2013-04-19,-0.5029
2013-04-26,-0.6966
2013-05-03,-0.6756
2013-05-10,-0.7777
2013-05-17,-0.6259
2013-05-24,-0.5452
2013-05-31,-0.3835
2013-06-07,-0.1064
2013-06-14,-0.1670
2013-06-21,-0.1398
2013-06-28,0.0479
2013-07-05,-0.1677
2013-07-12,-0.3265
2013-07-19,-0.5254
2013-07-26,-0.5040
2013-08-02,-0.3807
2013-08-09,-0.4242
2013-08-16,-0.3889
2013-08-23,-0.2145
2013-08-30,-0.1870
2013-09-06,-0.2709
2013-09-13,-0.3443
2013-09-20,-0.4629
2013-09-27,-0.3596
2013-10-04,-0.2780
2013-10-11,-0.4099
2013-10-18,-0.5713
2013-10-25,-0.5911
2013-11-01,-0.5438
2013-11-08,-0.5277
2013-11-15,-0.5814
2013-11-22,-0.6575
2013-11-29,-0.5913
2013-12-06,-0.4717
2013-12-13,-0.5181
2013-12-20,-0.5811
2013-12-27,-0.6916
2014-01-03,-0.5751
2014-01-10,-0.6520
2014-01-17,-0.6558
2014-01-24,-0.5423
2014-01-31,-0.3530
2014-02-07,-0.3774
2014-02-14,-0.7095
2014-02-21,-0.5939
2014-02-28,-0.6726
2014-03-07,-0.6448
2014-03-14,-0.5805
2014-03-21,-0.6276
2014-03-28,-0.6482
2014-04-04,-0.6384
2014-04-11,-0.5383
2014-04-18,-0.6307
2014-04-25,-0.7368
2014-05-02,-0.6766
2014-05-09,-0.6806
2014-05-16,-0.7137
2014-05-23,-0.7201
2014-05-30,-0.7816
2014-06-06,-0.7939
2014-06-13,-0.8140
2014-06-20,-0.8248
2014-06-27,-0.8137
2014-07-04,-0.7857
2014-07-11,-0.7349
2014-07-18,-0.6791
2014-07-25,-0.7051
2014-08-01,-0.5806
2014-08-08,-0.4127
2014-08-15,-0.6820
2014-08-22,-0.7403
2014-08-29,-0.6789
2014-09-05,-0.6264
2014-09-12,-0.5331
2014-09-19,-0.5397
2014-09-26,-0.3738
2014-10-03,-0.3285
2014-10-10,-0.3093
2014-10-17,0.1330
2014-10-24,-0.4653
2014-10-31,-0.4896
2014-11-07,-0.4556
2014-11-14,-0.4450
2014-11-21,-0.3210
2014-11-28,-0.4198
2014-12-05,-0.3040
2014-12-12,-0.0293
2014-12-19,0.0637
2014-12-26,-0.4980
2015-01-02,-0.1249
2015-01-09,0.1286
2015-01-16,0.1317
2015-01-23,-0.0361
2015-01-30,-0.0111
2015-02-06,-0.1897
2015-02-13,-0.2803
2015-02-20,-0.2626
2015-02-27,-0.2398
2015-03-06,-0.2844
2015-03-13,-0.1292
2015-03-20,-0.1522
2015-03-27,-0.2167
2015-04-03,-0.2013
2015-04-10,-0.3754
2015-04-17,-0.3647
2015-04-24,-0.4117
2015-05-01,-0.3930
2015-05-08,-0.3387
2015-05-15,-0.3094
2015-05-22,-0.3074
2015-05-29,-0.2042
2015-06-05,-0.2119
2015-06-12,-0.2248
2015-06-19,-0.1759
2015-06-26,-0.3306
2015-07-03,0.0536
2015-07-10,-0.0287
2015-07-17,-0.3551
2015-07-24,-0.1981
2015-07-31,-0.1082
2015-08-07,-0.1569
2015-08-14,-0.0647
2015-08-21,0.1574
2015-08-28,0.6459
2015-09-04,0.2653
2015-09-11,0.1604
2015-09-18,0.1755
2015-09-25,0.4028
2015-10-02,0.6732
2015-10-09,0.0586
2015-10-16,0.1361
2015-10-23,0.0129
2015-10-30,-0.0237
2015-11-06,-0.1006
2015-11-13,0.1109
2015-11-20,0.0860
2015-11-27,0.0313
2015-12-04,0.1092
2015-12-11,0.4390
2015-12-18,0.5164
2015-12-25,0.3608
2016-01-01,0.2986
2016-01-08,0.6813
2016-01-15,0.8469
2016-01-22,0.9596
2016-01-29,0.5202
2016-02-05,0.6950
2016-02-12,1.2278
2016-02-19,0.5516
2016-02-26,0.5335
2016-03-04,0.2184
2016-03-11,0.2545
2016-03-18,0.1443
2016-03-25,0.1482
2016-04-01,0.3649
2016-04-08,0.3224
2016-04-15,0.0781
2016-04-22,-0.0361
2016-04-29,0.0540
2016-05-06,0.2549
2016-05-13,0.1656
2016-05-20,0.0599
2016-05-27,-0.0180
2016-06-03,0.1130
2016-06-10,0.1420
2016-06-17,0.5496
2016-06-24,0.2397
2016-07-01,0.5681
2016-07-08,0.1950
2016-07-15,-0.1132
2016-07-22,0.0791
2016-07-29,0.2234
2016-08-05,0.3428
2016-08-12,0.2011
2016-08-19,0.1815
2016-08-26,0.2578
2016-09-02,0.2706
2016-09-09,0.2820
2016-09-16,0.4836
2016-09-23,0.3204
2016-09-30,0.3013
2016-10-07,0.0779
2016-10-14,0.2115
2016-10-21,0.1712
2016-10-28,0.0954
2016-11-04,0.4785
2016-11-11,-0.0245
2016-11-18,-0.0516
2016-11-25,-0.1270
2016-12-02,-0.0175
2016-12-09,-0.2650
2016-12-16,-0.1664
2016-12-23,-0.1087
2016-12-30,-0.0646
2017-01-06,-0.0922
2017-01-13,-0.1137
2017-01-20,-0.0936
2017-01-27,-0.2140
2017-02-03,-0.1410
2017-02-10,-0.1680
2017-02-17,-0.3085
2017-02-24,-0.2263
2017-03-03,-0.4054
2017-03-10,-0.4311
2017-03-17,-0.3819
2017-03-24,-0.2313
2017-03-31,-0.4162
2017-04-07,-0.3937
2017-04-14,-0.2610
2017-04-21,-0.2544
2017-04-28,-0.5887
2017-05-05,-0.5125
2017-05-12,-0.6269
2017-05-19,-0.4776
2017-05-26,-0.6631
2017-06-02,-0.6277
2017-06-09,-0.7168
2017-06-16,-0.7233
2017-06-23,-0.4998
2017-06-30,-0.5736
2017-07-07,-0.6266
2017-07-14,-0.5703
2017-07-21,-0.6835
2017-07-28,-0.7369
2017-08-04,-0.6267
2017-08-11,-0.4727
2017-08-18,-0.4491
2017-08-25,-0.4673
2017-09-01,-0.5130
2017-09-08,-0.4247
2017-09-15,-0.6840
2017-09-22,-0.7318
2017-09-29,-0.6794
2017-10-06,-0.7172
2017-10-13,-0.6809
2017-10-20,-0.7469
2017-10-27,-0.7662
2017-11-03,-0.7125
2017-11-10,-0.7131
2017-11-17,-0.6817
2017-11-24,-0.8295
2017-12-01,-0.7874
2017-12-08,-0.7206
2017-12-15,-0.6579
2017-12-22,-0.6205
2017-12-29,-0.5153
2018-01-05,-0.6345
2018-01-12,-0.7088
2018-01-19,-0.6534
2018-01-26,-0.6610
2018-02-02,-0.5067
2018-02-09,0.1069
2018-02-16,-0.2572
2018-02-23,-0.3536
2018-03-02,-0.0830
2018-03-09,-0.1044
2018-03-16,-0.0344
2018-03-23,0.2501
2018-03-30,0.3225
2018-04-06,0.3194
2018-04-13,0.1303
2018-04-20,-0.0672
2018-04-27,-0.0219
2018-05-04,0.0172
2018-05-11,-0.2293
2018-05-18,-0.3011
2018-05-25,-0.2404
2018-06-01,0.0517
2018-06-08,-0.3909
2018-06-15,-0.3325
2018-06-22,-0.2760
2018-06-29,-0.0747
2018-07-06,-0.2086
2018-07-13,-0.4396
2018-07-20,-0.4642
2018-07-27,-0.5476
2018-08-03,-0.4481
2018-08-10,-0.5418
2018-08-17,-0.4267
2018-08-24,-0.6462
2018-08-31,-0.6724
2018-09-07,-0.5912
2018-09-14,-0.7300
2018-09-21,-0.8362
2018-09-28,-0.7700
2018-10-05,-0.7852
2018-10-12,-0.4380
2018-10-19,-0.5180
2018-10-26,-0.2128
2018-11-02,-0.2359
2018-11-09,-0.4854
2018-11-16,-0.0238
2018-11-23,0.0541
2018-11-30,-0.1500
2018-12-07,0.1804
2018-12-14,0.2449
2018-12-21,0.5212
2018-12-28,0.6555
2019-01-04,0.2906
2019-01-11,-0.1919
2019-01-18,-0.1563
2019-01-25,-0.1331
2019-02-01,-0.1527
2019-02-08,-0.2971
2019-02-15,-0.3639
2019-02-22,-0.5285
2019-03-01,-0.5897
2019-03-08,-0.4732
2019-03-15,-0.5750
2019-03-22,-0.5856
2019-03-29,-0.3257
2019-04-05,-0.6792
2019-04-12,-0.6611
2019-04-19,-0.7790
2019-04-26,-0.6392
2019-05-03,-0.6784
2019-05-10,-0.3883
2019-05-17,-0.3639
2019-05-24,-0.4847
2019-05-31,-0.1933
2019-06-07,-0.2145
2019-06-14,-0.4401
2019-06-21,-0.3507
2019-06-28,-0.3470
2019-07-05,-0.5339
2019-07-12,-0.4614
2019-07-19,-0.3704
2019-07-26,-0.4978
2019-08-02,-0.2730
2019-08-09,0.2355
2019-08-16,0.1841
2019-08-23,-0.1029
2019-08-30,-0.0621
2019-09-06,-0.1077
2019-09-13,-0.3603
2019-09-20,-0.1622
2019-09-27,0.0922
2019-10-04,0.3525
2019-10-11,0.1249
2019-10-18,-0.1473
2019-10-25,-0.1416
2019-11-01,-0.0770
2019-11-08,-0.1103
2019-11-15,-0.1159
2019-11-22,-0.0630
2019-11-29,-0.2032
2019-12-06,-0.1042
2019-12-13,-0.2793
2019-12-20,-0.3762
2019-12-27,-0.1916
2020-01-03,-0.2385
2020-01-10,-0.3645
2020-01-17,-0.5308
2020-01-24,-0.4200
2020-01-31,-0.1347
2020-02-07,-0.4747
2020-02-14,-0.5811
2020-02-21,-0.4574
2020-02-28,0.6445
2020-03-06,1.3129
2020-03-13,3.4521
2020-03-20,5.5846
2020-03-27,5.3195
2020-04-03,3.1400
2020-04-10,2.5932
2020-04-17,1.8684
2020-04-24,2.3822
2020-05-01,1.2261
2020-05-08,0.9263
2020-05-15,0.8981
2020-05-22,0.4176
2020-05-29,0.1917
2020-06-05,-0.1000
2020-06-12,0.2606
2020-06-19,0.4627
2020-06-26,0.4891
2020-07-03,0.4022
2020-07-10,0.1055
2020-07-17,0.0593
2020-07-24,-0.2284
2020-07-31,-0.0807
2020-08-07,-0.2086
2020-08-14,-0.2724
2020-08-21,-0.0741
2020-08-28,-0.2734
2020-09-04,-0.1241
2020-09-11,0.0445
2020-09-18,-0.1361
2020-09-25,0.2429
2020-10-02,-0.0800
2020-10-09,-0.2415
2020-10-16,-0.0941
2020-10-23,0.0026
2020-10-30,0.3765
2020-11-06,-0.0791
2020-11-13,-0.4809
2020-11-20,-0.1635
2020-11-27,-0.3994
2020-12-04,-0.4468
2020-12-11,-0.4230
2020-12-18,-0.3806
2020-12-25,-0.4189
2021-01-01,-0.4768
2021-01-08,-0.4887
2021-01-15,-0.5315
2021-01-22,-0.5153
2021-01-29,-0.2716
2021-02-05,-0.5793
2021-02-12,-0.7631
2021-02-19,-0.6581
2021-02-26,-0.4530
2021-03-05,-0.4133
2021-03-12,-0.5052
2021-03-19,-0.5502
2021-03-26,-0.6287
2021-04-02,-0.7207
2021-04-09,-0.8168
2021-04-16,-0.7700
2021-04-23,-0.7213
2021-04-30,-0.8085
2021-05-07,-0.8075
2021-05-14,-0.7521
2021-05-21,-0.7171
2021-05-28,-0.8131
2021-06-04,-0.8506
2021-06-11,-0.7946
2021-06-18,-0.7773
2021-06-25,-0.8064
2021-07-02,-0.8451
2021-07-09,-0.7159
2021-07-16,-0.8029
2021-07-23,-0.5731
2021-07-30,-0.7681
2021-08-06,-0.6793
2021-08-13,-0.8651
2021-08-20,-0.6221
2021-08-27,-0.7698
2021-09-03,-0.7621
2021-09-10,-0.7145
2021-09-17,-0.6805
2021-09-24,-0.5500
2021-10-01,-0.6372
2021-10-08,-0.6424
2021-10-15,-0.7332
2021-10-22,-0.9064
2021-10-29,-0.8126
2021-11-05,-0.6847
2021-11-12,-0.7904
2021-11-19,-0.6936
2021-11-26,-0.4953
2021-12-03,-0.1778
2021-12-10,-0.7120
2021-12-17,-0.5061
2021-12-24,-0.5892
2021-12-31,-0.7749
2022-01-07,-0.7098
2022-01-14,-0.6695
2022-01-21,-0.3961
2022-01-28,-0.2150
2022-02-04,-0.5244
2022-02-11,-0.6005
2022-02-18,-0.1786
2022-02-25,-0.0226
2022-03-04,0.2767
2022-03-11,0.1286
2022-03-18,-0.3237
2022-03-25,-0.6244
2022-04-01,-0.4861
2022-04-08,-0.3872
2022-04-15,-0.2980
2022-04-22,-0.4035
2022-04-29,0.1603
2022-05-06,0.1856
2022-05-13,0.5342
2022-05-20,0.2830
2022-05-27,0.2663
2022-06-03,-0.1801
2022-06-10,-0.0713
2022-06-17,-0.0107
2022-06-24,0.3508
2022-07-01,0.5831
2022-07-08,0.3983
2022-07-15,0.0424
2022-07-22,-0.2866
2022-07-29,-0.2028
2022-08-05,-0.4957
2022-08-12,-0.4169
2022-08-19,-0.3813
2022-08-26,-0.2241
2022-09-02,-0.1549
2022-09-09,-0.3277
2022-09-16,-0.4585
2022-09-23,0.1063
2022-09-30,0.4882
2022-10-07,0.1425
2022-10-14,0.2604
2022-10-21,-0.1669
2022-10-28,-0.3046
2022-11-04,-0.4024
2022-11-11,-0.3333
2022-11-18,-0.2298
2022-11-25,-0.2372
2022-12-02,-0.1244
2022-12-09,0.1126
2022-12-16,-0.0035
2022-12-23,0.0101
2022-12-30,-0.0541
2023-01-06,-0.1714
2023-01-13,-0.4222
2023-01-20,-0.3920
2023-01-27,-0.5153
2023-02-03,-0.5558
2023-02-10,-0.6228
2023-02-17,-0.4794
2023-02-24,-0.2417
2023-03-03,-0.4555
2023-03-10,-0.0968
2023-03-17,1.0944
2023-03-24,0.2550
2023-03-31,-0.2837
2023-04-07,-0.0998
2023-04-14,-0.4915
2023-04-21,-0.6641
2023-04-28,-0.2948
2023-05-05,-0.3361
2023-05-12,-0.5152
2023-05-19,-0.4523
2023-05-26,-0.3310
2023-06-02,-0.4728
2023-06-09,-0.6965
2023-06-16,-0.6116
2023-06-23,-0.5899
2023-06-30,-0.6964
2023-07-07,-0.7497
2023-07-14,-0.6908
2023-07-21,-0.7352
2023-07-28,-0.7612
2023-08-04,-0.7212
2023-08-11,-0.6602
2023-08-18,-0.6262
2023-08-25,-0.6822
2023-09-01,-0.6894
2023-09-08,-0.7165
2023-09-15,-0.7119
2023-09-22,-0.7196
2023-09-29,-0.5048
2023-10-06,-0.4349
2023-10-13,-0.5386
2023-10-20,-0.3336
2023-10-27,-0.3508
2023-11-03,-0.6049
2023-11-10,-0.7274
2023-11-17,-0.6194
2023-11-24,-0.7293
2023-12-01,-0.5286
2023-12-08,-0.4952
2023-12-15,-0.6026
2023-12-22,-0.4285
2023-12-29,-0.4125
2024-01-05,-0.5577
2024-01-12,-0.7057
2024-01-19,-0.8023
2024-01-26,-0.8289
2024-02-02,-0.7512
2024-02-09,-0.5995
2024-02-16,-0.6447
2024-02-23,-0.6715
2024-03-01,-0.7875
2024-03-08,-0.7866
2024-03-15,-0.9220
2024-03-22,-0.9384
2024-03-29,-0.9282
2024-04-05,-0.8452
2024-04-12,-0.7964
2024-04-19,-0.4212
2024-04-26,-0.8390
2024-05-03,-0.8283
2024-05-10,-0.9168
2024-05-17,-0.9061
2024-05-24,-0.9584
2024-05-31,-0.8505
2024-06-07,-0.8354
2024-06-14,-0.8653
2024-06-21,-0.8226
2024-06-28,-0.8314
2024-07-05,-0.8261
2024-07-12,-0.8231
2024-07-19,-0.6564
2024-07-26,-0.6187
2024-08-02,-0.3313
2024-08-09,-0.1622
2024-08-16,-0.7319
2024-08-23,-0.6400
2024-08-30,-0.6437
2024-09-06,-0.3882
2024-09-13,-0.3103
2024-09-20,-0.4337
2024-09-27,-0.2655
2024-10-04,-0.6088
2024-10-11,-0.5927
2024-10-18,-0.5306
2024-10-25,-0.3858
2024-11-01,-0.2948
2024-11-08,-0.5619
2024-11-15,-0.7971
2024-11-22,-0.6084
2024-11-29,-0.6101
2024-12-06,-0.5237
2024-12-13,-0.5786
2024-12-20,-0.5044
2024-12-27,-0.6262
2025-01-03,-0.6228
2025-01-10,-0.8063
2025-01-17,-0.8291
2025-01-24,-0.9768
2025-01-31,-0.7635
2025-02-07,-0.7854
2025-02-14,-0.8314
2025-02-21,-0.7580
2025-02-28,-0.4537
2025-03-07,-0.3573
2025-03-14,-0.2204
2025-03-21,-0.6461
2025-03-28,-0.6264
2025-04-04,0.0943
2025-04-11,0.5642
2025-04-18,-0.2070
2025-04-25,-0.2724
2025-05-02,-0.3445
2025-05-09,-0.4735
2025-05-16,-0.8979
2025-05-23,-0.5039
2025-05-30,-0.5356
2025-06-06,-0.8089
2025-06-13,-0.7840
2025-06-20,-0.6544
2025-06-27,-0.7019
2025-07-04,-0.8778
2025-07-11,-0.7513
2025-07-18,-0.7160
2025-07-25,-0.7952
2025-08-01,-0.6777
